<?xml version="1.0" encoding="UTF-8"?><rss version="2.0"
	xmlns:content="http://purl.org/rss/1.0/modules/content/"
	xmlns:wfw="http://wellformedweb.org/CommentAPI/"
	xmlns:dc="http://purl.org/dc/elements/1.1/"
	xmlns:atom="http://www.w3.org/2005/Atom"
	xmlns:sy="http://purl.org/rss/1.0/modules/syndication/"
	xmlns:slash="http://purl.org/rss/1.0/modules/slash/"
	
	xmlns:georss="http://www.georss.org/georss"
	xmlns:geo="http://www.w3.org/2003/01/geo/wgs84_pos#"
	>

<channel data-v-component-products="feed" data-v-limit="5" data-v-site_id="3" data-v-type="plugin" data-v-page="url" data-v-slug="url">
	<name>Vvveb Plugins</name>
	<link>https://vvveb.com/feed/plugins</link>
	<count data-v-products-count="count">0</count>
	<description>The latest news about Vvveb</description>
	<lastBuildDate>Fri, 31 Dec 2022 00:04:20 +0000</lastBuildDate>

		<item data-v-product="product">
			<name data-v-product-name="name">What's new in 0.1</name>
			<link data-v-product-url-text="name"></link>
			<slug data-v-product-slug="slug"></slug>
			<image data-v-product-image-url="img"></image>
			<url data-v-product-url="url"></url>
			
			<content data-v-product-content="content" data-filter-cdata="">></content>
			<homepage data-v-product-homepage="homepage"></homepage>
			<author data-v-product-homepage="homepage"></author>
			<version data-v-product-version="version"></version>
			<rating data-v-product-rating="rating"></rating>
			<download_link data-v-product-download_link="download_link"></download_link>
			<updated_at data-v-product-updated_at="updated_at"></updated_at>
			<active_installs data-v-product-active_installs="active_installs"></active_installs>
			<downloaded data-v-product-downloaded="downloaded"></downloaded>
		</item>
		<item data-v-product="product">
			<name data-v-product-name="name">New features planned for the next version</name>
			<image data-v-product-image-url="img"></image>
		</item>
		<item data-v-product="product">
			<name data-v-product-name="name">Introducing the new multi site feature</name>
			<image data-v-product-image-url="img"></image>
		</item>
		<item data-v-product="product">
			<name data-v-product-name="name">How to use media library</name>
			<image data-v-product-image-url="img"></image>
		</item>
		<item data-v-product="product">
			<name data-v-product-name="name">Vvveb Beta 1 version released</name>
			<image data-v-product-image-url="img"></image>
		</item>
	</channel>
</rss>
